{"cameraMode":{"drawMode":0,"name":"Shaded","section":"Shading Mode"},"sceneLighting":true,"audioPlay":false,"sceneViewState":{"m_AlwaysRefresh":false,"showFog":true,"showSkybox":true,"showFlares":true,"showImageEffects":true,"showParticleSystems":true,"showVisualEffectGraphs":true,"m_FxEnabled":true},"in2DMode":false,"pivot":{"x":0.05359053611755371,"y":3.3155012130737306,"z":-27.29714584350586},"rotation":{"x":-0.20833657681941987,"y":-0.062449149787425998,"z":0.013340037316083908,"w":-0.9759769439697266},"size":0.38645273447036745,"orthographic":false}