{"cameraMode":{"drawMode":0,"name":"Shaded","section":"Shading Mode"},"sceneLighting":true,"audioPlay":false,"sceneViewState":{"m_AlwaysRefresh":false,"showFog":true,"showSkybox":true,"showFlares":true,"showImageEffects":true,"showParticleSystems":true,"showVisualEffectGraphs":true,"m_FxEnabled":true},"in2DMode":false,"pivot":{"x":-2.485640525817871,"y":8.759081840515137,"z":-3.4101622104644777},"rotation":{"x":-0.03620140627026558,"y":0.0739823654294014,"z":-0.0026795906014740469,"w":-0.9966086745262146},"size":20.914627075195314,"orthographic":false}