{"cameraMode":{"drawMode":0,"name":"Shaded","section":"Shading Mode"},"sceneLighting":false,"audioPlay":false,"sceneViewState":{"m_AlwaysRefresh":false,"showFog":false,"showSkybox":false,"showFlares":false,"showImageEffects":false,"showParticleSystems":false,"showVisualEffectGraphs":true,"m_FxEnabled":true},"in2DMode":false,"pivot":{"x":0.003838837146759033,"y":0.6683198809623718,"z":0.059652045369148257},"rotation":{"x":-0.18187859654426576,"y":-0.06573258340358734,"z":0.012187410145998001,"w":-0.9810556173324585},"size":1.0568883419036866,"orthographic":false}