{"cameraMode":{"drawMode":0,"name":"Shaded","section":"Shading Mode"},"sceneLighting":false,"audioPlay":false,"sceneViewState":{"m_AlwaysRefresh":false,"showFog":false,"showSkybox":false,"showFlares":false,"showImageEffects":false,"showParticleSystems":false,"showVisualEffectGraphs":true,"m_FxEnabled":true},"in2DMode":false,"pivot":{"x":-0.0000010132789611816407,"y":0.8724903464317322,"z":0.06043080985546112},"rotation":{"x":-0.18187859654426576,"y":-0.06573258340358734,"z":0.012187410145998001,"w":-0.9810556173324585},"size":1.3019392490386963,"orthographic":false}